target,R2,MAE,RMSE
CETR,0.9725044693694617,0.025953600586645597,0.03670025984934941
GETR,0.9347376873203501,0.022180730402082245,0.03401608634863521
TSTA,0.8067503823400851,0.045248610253515835,0.12000278828401556
TSDA,0.8051705881718803,0.046903327283470145,0.12255288586962147
