target,R2,MAE,RMSE
CETR,0.9735031165492266,0.027589616581842023,0.03602761260131918
GETR,0.8586621775349514,0.03094350960221477,0.05005901656992378
TSTA,0.9183798230444405,0.036764527793001864,0.07798853843293478
TSDA,0.9180845788607123,0.0381780616370263,0.07946559086378789
