target,R2,MAE,RMSE
CETR,0.989520937333076,0.01609216107224999,0.022656838305081254
GETR,0.9726490441131068,0.015249925036253418,0.02202111829880647
TSTA,0.9238696996173937,0.037251993549585964,0.07532008250628162
TSDA,0.920740782783145,0.03923329119649147,0.0781665910399557
