target,R2,MAE,RMSE
CETR,0.9963327600129962,0.008188595246055657,0.013403176980187195
GETR,0.9898073972506792,0.008026318090203434,0.013442983467633849
TSTA,0.9261937709137714,0.033513616738196736,0.0741615031614773
TSDA,0.9255169679457926,0.03551843536692026,0.07577482753635231
